{
  "schemaVersion": "1.0.0",
  "metadata": {
    "name": "Rho_Test_Board",
    "source": "QuilterCodeChallengeECAD",
    "designUnits": "MICRON"
  },
  "boundary": {
    "type": "polygon",
    "coordinates": [
      [
        0,
        0
      ],
      [
        75000,
        0
      ],
      [
        75000,
        55000
      ],
      [
        0,
        55000
      ],
      [
        0,
        0
      ]
    ]
  },
  "stackup": {
    "layers": [
      {
        "name": "TOP",
        "layer_type": "TOP",
        "index": 0,
        "material": {
          "type": "COPPER",
          "thickness": 35.0
        }
      },
      {
        "name": "DIEL",
        "layer_type": "DIELECTRIC",
        "index": 1,
        "material": {
          "type": "FR4",
          "thickness": 1600.0
        }
      },
      {
        "name": "BOTTOM",
        "layer_type": "BOTTOM",
        "index": 2,
        "material": {
          "type": "COPPER",
          "thickness": 35.0
        }
      }
    ],
    "totalThickness": 1670.0
  },
  "nets": [
    {
      "name": "GND",
      "class": "POWER"
    },
    {
      "name": "VCC",
      "class": "POWER"
    },
    {
      "name": "EN",
      "class": "SIGNAL"
    }
  ],
  "components": {
    "U1": {
      "name": "U1",
      "reference": "U1",
      "footprint": "SOT23-3",
      "outline": {
        "type": "rectangle",
        "width": 2900,
        "height": 1300,
        "center": [
          0,
          0
        ]
      },
      "transform": {
        "position": [
          37500,
          27500
        ],
        "rotation": 0
      },
      "pins": {
        "1": {
          "name": "1",
          "comp_name": "U1",
          "net_name": "GND",
          "shape": {
            "type": "rectangle",
            "width": 400,
            "height": 500
          },
          "position": [
            -950,
            -650
          ],
          "rotation": 0,
          "is_throughhole": false
        },
        "2": {
          "name": "2",
          "comp_name": "U1",
          "net_name": "VCC",
          "shape": {
            "type": "rectangle",
            "width": 400,
            "height": 500
          },
          "position": [
            950,
            -650
          ],
          "rotation": 0,
          "is_throughhole": false
        },
        "3": {
          "name": "3",
          "comp_name": "U1",
          "net_name": "EN",
          "shape": {
            "type": "rectangle",
            "width": 400,
            "height": 500
          },
          "position": [
            0,
            650
          ],
          "rotation": 0,
          "is_throughhole": false
        }
      },
      "user_preplaced": true
    }
  },
  "traces": {},
  "vias": {},
  "pours": {},
  "rule_list": {
    "default_trace_rule": {
      "width": 150
    },
    "default_via_rule": {
      "diameter": 500,
      "hole_size": 250
    },
    "clearance_rules": {
      "default_clearance": 150
    }
  },
  "ground_net_name": "GND"
}