{
  "schemaVersion": "1.0.0",
  "metadata": {
    "name": "Xi_Test_Board",
    "source": "QuilterCodeChallengeECAD",
    "designUnits": "MICRON"
  },
  "boundary": {
    "type": "polygon",
    "coordinates": [
      [
        0,
        0
      ],
      [
        60000,
        0
      ],
      [
        60000,
        45000
      ],
      [
        0,
        45000
      ],
      [
        0,
        0
      ]
    ]
  },
  "stackup": {
    "layers": [],
    "totalThickness": 1670.0
  },
  "nets": [
    {
      "name": "GND",
      "class": "POWER"
    }
  ],
  "components": {},
  "traces": {},
  "vias": {},
  "pours": {},
  "rule_list": {
    "default_trace_rule": {
      "width": 150
    },
    "default_via_rule": {
      "diameter": 500,
      "hole_size": 250
    },
    "clearance_rules": {
      "default_clearance": 150
    }
  },
  "ground_net_name": "GND"
}