{
  "schemaVersion": "1.0.0",
  "metadata": {
    "name": "Pi_Test_Board",
    "source": "QuilterCodeChallengeECAD",
    "designUnits": "MICRON"
  },
  "boundary": {
    "type": "polygon",
    "coordinates": [
      [
        0,
        0
      ],
      [
        70000,
        0
      ],
      [
        70000,
        52000
      ],
      [
        0,
        52000
      ],
      [
        0,
        0
      ]
    ]
  },
  "stackup": {
    "layers": [
      {
        "name": "TOP",
        "layer_type": "TOP",
        "index": 0,
        "material": {
          "type": "COPPER",
          "thickness": 35.0
        }
      },
      {
        "name": "DIEL",
        "layer_type": "DIELECTRIC",
        "index": 1,
        "material": {
          "type": "FR4",
          "thickness": 1600.0
        }
      },
      {
        "name": "BOTTOM",
        "layer_type": "BOTTOM",
        "index": 2,
        "material": {
          "type": "COPPER",
          "thickness": 35.0
        }
      }
    ],
    "totalThickness": 1670.0
  },
  "nets": [
    {
      "name": "GND",
      "class": "POWER"
    },
    {
      "name": "VCC",
      "class": "POWER"
    },
    {
      "name": "SIG",
      "class": "SIGNAL"
    }
  ],
  "components": {
    "C1": {
      "name": "C1",
      "reference": "C1",
      "footprint": "CAP_0402",
      "outline": {
        "type": "rectangle",
        "width": 1000,
        "height": 500,
        "center": [
          0,
          0
        ]
      },
      "transform": {
        "position": [
          35000,
          26000
        ],
        "rotation": 0,
        "side": "FRONT"
      },
      "pins": {
        "1": {
          "name": "1",
          "comp_name": "C1",
          "net_name": "VCC",
          "shape": {
            "type": "rectangle",
            "width": 250,
            "height": 400
          },
          "position": [
            -350,
            0
          ],
          "rotation": 0,
          "is_throughhole": false
        },
        "2": {
          "name": "2",
          "comp_name": "C1",
          "net_name": "GND",
          "shape": {
            "type": "rectangle",
            "width": 250,
            "height": 400
          },
          "position": [
            350,
            0
          ],
          "rotation": 0,
          "is_throughhole": false
        }
      },
      "user_preplaced": true
    }
  },
  "traces": {
    "trace_vcc": {
      "uid": "trace_vcc",
      "net_name": "VCC",
      "layer_hash": "TOP",
      "path": {
        "type": "LineString",
        "coordinates": [
          [
            34650,
            26000
          ],
          [
            25000,
            26000
          ],
          [
            25000,
            40000
          ]
        ]
      },
      "width": 150
    }
  },
  "vias": {
    "via_gnd": {
      "uid": "via_gnd",
      "net_name": "GND",
      "center": [
        35400,
        26000
      ],
      "diameter": 500,
      "hole_size": 250,
      "span": {
        "start_layer": "TOP",
        "end_layer": "BOTTOM"
      }
    },
    "via_vcc": {
      "uid": "via_vcc",
      "net_name": "VCC",
      "center": [
        40000,
        30000
      ],
      "diameter": 500,
      "hole_size": 250,
      "span": {
        "start_layer": "TOP",
        "end_layer": "BOTTOM"
      }
    },
    "via_auto_002": {
      "uid": "via_auto_002",
      "net_name": "VCC",
      "center": [
        25000,
        40000
      ],
      "diameter": 500,
      "hole_size": 250,
      "span": {
        "start_layer": "TOP",
        "end_layer": "BOTTOM"
      }
    }
  },
  "pours": {},
  "rule_list": {
    "default_trace_rule": {
      "width": 150
    },
    "default_via_rule": {
      "diameter": 500,
      "hole_size": 250
    },
    "clearance_rules": {
      "default_clearance": 150
    }
  },
  "ground_net_name": "GND"
}