{
  "schemaVersion": "1.0.0",
  "metadata": {
    "name": "Sigma_Test_Board",
    "source": "QuilterCodeChallengeECAD",
    "designUnits": "MICRON"
  },
  "boundary": {
    "type": "polygon",
    "coordinates": [
      [
        0,
        0
      ],
      [
        82000,
        0
      ],
      [
        82000,
        61000
      ],
      [
        0,
        61000
      ],
      [
        0,
        0
      ]
    ]
  },
  "stackup": {
    "layers": [
      {
        "name": "TOP",
        "layer_type": "TOP",
        "index": 0,
        "material": {
          "type": "COPPER",
          "thickness": 35.0
        }
      },
      {
        "name": "DIEL",
        "layer_type": "DIELECTRIC",
        "index": 1,
        "material": {
          "type": "FR4",
          "thickness": 1600.0
        }
      },
      {
        "name": "BOTTOM",
        "layer_type": "BOTTOM",
        "index": 2,
        "material": {
          "type": "COPPER",
          "thickness": 35.0
        }
      }
    ],
    "totalThickness": 1670.0
  },
  "nets": [
    {
      "name": "GND",
      "class": "POWER"
    },
    {
      "name": "VCC",
      "class": "POWER"
    },
    {
      "name": "TX",
      "class": "SIGNAL"
    },
    {
      "name": "RX",
      "class": "SIGNAL"
    }
  ],
  "components": {
    "U1": {
      "name": "U1",
      "reference": "U1",
      "footprint": "MSOP8",
      "outline": {
        "type": "rectangle",
        "width": 1500,
        "height": 800,
        "center": [
          0,
          0
        ]
      },
      "transform": {
        "position": [
          41000,
          30500
        ],
        "rotation": 0,
        "side": "FRONT"
      },
      "pins": {
        "1": {
          "name": "1",
          "comp_name": "U1",
          "net_name": "TX",
          "shape": {
            "type": "rectangle",
            "width": 300,
            "height": 400
          },
          "position": [
            -500,
            0
          ],
          "rotation": 0,
          "is_throughhole": false
        },
        "2": {
          "name": "2",
          "comp_name": "U1",
          "net_name": "",
          "shape": {
            "type": "rectangle",
            "width": 300,
            "height": 400
          },
          "position": [
            500,
            0
          ],
          "rotation": 0,
          "is_throughhole": false
        },
        "4": {
          "name": "4",
          "comp_name": "U1",
          "net_name": "GND",
          "shape": {
            "type": "rectangle",
            "width": 400,
            "height": 400
          },
          "position": [
            -1500,
            -1000
          ],
          "rotation": 0,
          "is_throughhole": false
        },
        "5": {
          "name": "5",
          "comp_name": "U1",
          "net_name": "RX",
          "shape": {
            "type": "rectangle",
            "width": 400,
            "height": 400
          },
          "position": [
            1500,
            -1000
          ],
          "rotation": 0,
          "is_throughhole": false
        },
        "8": {
          "name": "8",
          "comp_name": "U1",
          "net_name": "VCC",
          "shape": {
            "type": "rectangle",
            "width": 400,
            "height": 400
          },
          "position": [
            1500,
            1000
          ],
          "rotation": 0,
          "is_throughhole": false
        }
      },
      "user_preplaced": true
    }
  },
  "traces": {
    "trace_tx": {
      "uid": "trace_tx",
      "net_name": "TX",
      "layer_hash": "TOP",
      "path": {
        "type": "LineString",
        "coordinates": [
          [
            39500,
            31500
          ],
          [
            30000,
            31500
          ],
          [
            30000,
            45000
          ]
        ]
      },
      "width": 150
    }
  },
  "vias": {
    "via_auto_000": {
      "uid": "via_auto_000",
      "net_name": "TX",
      "center": [
        39500,
        31500
      ],
      "diameter": 500,
      "hole_size": 250,
      "span": {
        "start_layer": "TOP",
        "end_layer": "BOTTOM"
      }
    },
    "via_auto_001": {
      "uid": "via_auto_001",
      "net_name": "TX",
      "center": [
        30000,
        45000
      ],
      "diameter": 500,
      "hole_size": 250,
      "span": {
        "start_layer": "TOP",
        "end_layer": "BOTTOM"
      }
    }
  },
  "pours": {
    "gnd_pour": {
      "uid": "gnd_pour",
      "name": "GND_FILL",
      "net_name": "GND",
      "layer_hash": "BOTTOM",
      "boundary": {
        "type": "polygon",
        "coordinates": [
          [
            5000,
            5000
          ],
          [
            77000,
            5000
          ],
          [
            77000,
            56000
          ],
          [
            5000,
            56000
          ],
          [
            5000,
            5000
          ]
        ]
      },
      "clearance": 200,
      "cross_cutout": true
    }
  },
  "rule_list": {
    "default_trace_rule": {
      "width": 150
    },
    "default_via_rule": {
      "diameter": 500,
      "hole_size": 250
    },
    "clearance_rules": {
      "default_clearance": 150
    }
  },
  "ground_net_name": "GND"
}