{
  "schemaVersion": "1.0.0",
  "metadata": {
    "name": "Nu_Test_Board",
    "source": "QuilterCodeChallengeECAD",
    "designUnits": "MICRON",
    "creationDate": "2026-01-09T21:00:00Z"
  },
  "boundary": {
    "type": "polygon",
    "coordinates": [
      [
        0,
        0
      ],
      [
        74000,
        0
      ],
      [
        74000,
        56000
      ],
      [
        0,
        56000
      ],
      [
        0,
        0
      ]
    ]
  },
  "stackup": {
    "layers": [
      {
        "name": "TOP",
        "layer_type": "TOP",
        "index": 0,
        "material": {
          "type": "COPPER",
          "thickness": 35.0
        }
      },
      {
        "name": "DIEL",
        "layer_type": "DIELECTRIC",
        "index": 1,
        "material": {
          "type": "FR4",
          "thickness": 1600.0
        }
      },
      {
        "name": "BOTTOM",
        "layer_type": "BOTTOM",
        "index": 2,
        "material": {
          "type": "COPPER",
          "thickness": 35.0
        }
      }
    ],
    "totalThickness": 1670.0
  },
  "nets": [
    {
      "name": "GND",
      "class": "POWER"
    },
    {
      "name": "VCC",
      "class": "POWER"
    },
    {
      "name": "MOSI",
      "class": "SIGNAL"
    },
    {
      "name": "MISO",
      "class": "SIGNAL"
    }
  ],
  "components": {
    "U1": {
      "name": "U1",
      "reference": "U1",
      "footprint": "SOIC8",
      "outline": {
        "type": "rectangle",
        "width": 5000,
        "height": 4000,
        "center": [
          0,
          0
        ]
      },
      "transform": {
        "position": [
          37000,
          28000
        ],
        "rotation": 0,
        "side": "FRONT"
      },
      "pins": {
        "1": {
          "name": "1",
          "comp_name": "WRONG_COMPONENT_NAME",
          "net_name": "MOSI",
          "shape": {
            "type": "rectangle",
            "width": 600,
            "height": 450
          },
          "position": [
            -2800,
            1905.0
          ],
          "rotation": 0,
          "is_throughhole": false
        },
        "2": {
          "name": "2",
          "comp_name": "U1",
          "net_name": "MISO",
          "shape": {
            "type": "rectangle",
            "width": 600,
            "height": 450
          },
          "position": [
            -2800,
            635.0
          ],
          "rotation": 0,
          "is_throughhole": false
        },
        "3": {
          "name": "3",
          "comp_name": "U1",
          "net_name": "",
          "shape": {
            "type": "rectangle",
            "width": 600,
            "height": 450
          },
          "position": [
            -2800,
            -635.0
          ],
          "rotation": 0,
          "is_throughhole": false
        },
        "4": {
          "name": "4",
          "comp_name": "U1",
          "net_name": "GND",
          "shape": {
            "type": "rectangle",
            "width": 600,
            "height": 450
          },
          "position": [
            -2800,
            -1905.0
          ],
          "rotation": 0,
          "is_throughhole": false
        },
        "5": {
          "name": "5",
          "comp_name": "U1",
          "net_name": "",
          "shape": {
            "type": "rectangle",
            "width": 600,
            "height": 450
          },
          "position": [
            2800,
            -1905.0
          ],
          "rotation": 0,
          "is_throughhole": false
        },
        "6": {
          "name": "6",
          "comp_name": "U1",
          "net_name": "",
          "shape": {
            "type": "rectangle",
            "width": 600,
            "height": 450
          },
          "position": [
            2800,
            -635.0
          ],
          "rotation": 0,
          "is_throughhole": false
        },
        "7": {
          "name": "7",
          "comp_name": "U1",
          "net_name": "",
          "shape": {
            "type": "rectangle",
            "width": 600,
            "height": 450
          },
          "position": [
            2800,
            635.0
          ],
          "rotation": 0,
          "is_throughhole": false
        },
        "8": {
          "name": "8",
          "comp_name": "U1",
          "net_name": "VCC",
          "shape": {
            "type": "rectangle",
            "width": 600,
            "height": 450
          },
          "position": [
            2800,
            1905.0
          ],
          "rotation": 0,
          "is_throughhole": false
        }
      },
      "user_preplaced": true
    }
  },
  "traces": {},
  "vias": {},
  "pours": {},
  "rule_list": {
    "default_trace_rule": {
      "width": 150
    },
    "default_via_rule": {
      "diameter": 500,
      "hole_size": 250
    },
    "clearance_rules": {
      "default_clearance": 150
    }
  },
  "ground_net_name": "GND"
}