{
  "schemaVersion": "1.0.0",
  "metadata": {
    "name": "Complex_Boundary_Board",
    "source": "QuilterCodeChallengeECAD",
    "designUnits": "MICRON",
    "creationDate": "2026-01-09T13:00:00Z"
  },
  "boundary": {
    "type": "polygon",
    "coordinates": [
      [
        0,
        0
      ],
      [
        100000,
        0
      ],
      [
        100000,
        30000
      ],
      [
        80000,
        30000
      ],
      [
        80000,
        50000
      ],
      [
        100000,
        50000
      ],
      [
        100000,
        80000
      ],
      [
        0,
        80000
      ],
      [
        0,
        50000
      ],
      [
        20000,
        50000
      ],
      [
        20000,
        30000
      ],
      [
        0,
        30000
      ],
      [
        0,
        0
      ]
    ]
  },
  "stackup": {
    "layers": [
      {
        "name": "TOP",
        "layer_type": "TOP",
        "index": 0,
        "material": {
          "type": "COPPER",
          "thickness": 35.0
        }
      },
      {
        "name": "DIELECTRIC",
        "layer_type": "DIELECTRIC",
        "index": 1,
        "material": {
          "type": "FR4",
          "thickness": 1600.0,
          "dielectricConstant": 4.5
        }
      },
      {
        "name": "BOTTOM",
        "layer_type": "BOTTOM",
        "index": 2,
        "material": {
          "type": "COPPER",
          "thickness": 35.0
        }
      }
    ],
    "totalThickness": 1670.0,
    "surfaceFinish": "ENIG"
  },
  "nets": [
    {
      "name": "GND",
      "class": "POWER"
    },
    {
      "name": "VCC",
      "class": "POWER"
    },
    {
      "name": "SIG_A",
      "class": "SIGNAL"
    },
    {
      "name": "SIG_B",
      "class": "SIGNAL"
    }
  ],
  "components": {
    "U1": {
      "name": "U1",
      "reference": "U1",
      "footprint": "SOIC8",
      "display_name": "8-Pin SOIC",
      "outline": {
        "type": "rectangle",
        "width": 5000,
        "height": 4000,
        "center": [
          0,
          0
        ]
      },
      "transform": {
        "position": [
          50000,
          65000
        ],
        "rotation": 0,
        "side": "FRONT"
      },
      "pins": {
        "1": {
          "name": "1",
          "comp_name": "U1",
          "net_name": "SIG_A",
          "shape": {
            "type": "rectangle",
            "width": 600,
            "height": 450
          },
          "position": [
            -2800,
            1905.0
          ],
          "rotation": 0,
          "is_throughhole": false
        },
        "2": {
          "name": "2",
          "comp_name": "U1",
          "net_name": "",
          "shape": {
            "type": "rectangle",
            "width": 600,
            "height": 450
          },
          "position": [
            -2800,
            635.0
          ],
          "rotation": 0,
          "is_throughhole": false
        },
        "3": {
          "name": "3",
          "comp_name": "U1",
          "net_name": "",
          "shape": {
            "type": "rectangle",
            "width": 600,
            "height": 450
          },
          "position": [
            -2800,
            -635.0
          ],
          "rotation": 0,
          "is_throughhole": false
        },
        "4": {
          "name": "4",
          "comp_name": "U1",
          "net_name": "GND",
          "shape": {
            "type": "rectangle",
            "width": 600,
            "height": 450
          },
          "position": [
            -2800,
            -1905.0
          ],
          "rotation": 0,
          "is_throughhole": false
        },
        "5": {
          "name": "5",
          "comp_name": "U1",
          "net_name": "SIG_B",
          "shape": {
            "type": "rectangle",
            "width": 600,
            "height": 450
          },
          "position": [
            2800,
            -1905.0
          ],
          "rotation": 0,
          "is_throughhole": false
        },
        "6": {
          "name": "6",
          "comp_name": "U1",
          "net_name": "",
          "shape": {
            "type": "rectangle",
            "width": 600,
            "height": 450
          },
          "position": [
            2800,
            -635.0
          ],
          "rotation": 0,
          "is_throughhole": false
        },
        "7": {
          "name": "7",
          "comp_name": "U1",
          "net_name": "",
          "shape": {
            "type": "rectangle",
            "width": 600,
            "height": 450
          },
          "position": [
            2800,
            635.0
          ],
          "rotation": 0,
          "is_throughhole": false
        },
        "8": {
          "name": "8",
          "comp_name": "U1",
          "net_name": "VCC",
          "shape": {
            "type": "rectangle",
            "width": 600,
            "height": 450
          },
          "position": [
            2800,
            1905.0
          ],
          "rotation": 0,
          "is_throughhole": false
        }
      },
      "user_preplaced": true
    }
  },
  "traces": {
    "trace_sig_a": {
      "uid": "trace_sig_a",
      "net_name": "SIG_A",
      "layer_hash": "TOP",
      "path": {
        "type": "LineString",
        "coordinates": [
          [
            47800,
            63500
          ],
          [
            47800,
            40000
          ],
          [
            30000,
            40000
          ]
        ]
      },
      "width": 150
    }
  },
  "vias": {
    "via_001": {
      "uid": "via_001",
      "net_name": "GND",
      "center": [
        51905,
        60000
      ],
      "diameter": 500,
      "hole_size": 250,
      "span": {
        "start_layer": "TOP",
        "end_layer": "BOTTOM"
      }
    },
    "via_auto_001": {
      "uid": "via_auto_001",
      "net_name": "SIG_A",
      "center": [
        47800,
        63500
      ],
      "diameter": 500,
      "hole_size": 250,
      "span": {
        "start_layer": "TOP",
        "end_layer": "BOTTOM"
      }
    },
    "via_auto_002": {
      "uid": "via_auto_002",
      "net_name": "SIG_A",
      "center": [
        30000,
        40000
      ],
      "diameter": 500,
      "hole_size": 250,
      "span": {
        "start_layer": "TOP",
        "end_layer": "BOTTOM"
      }
    }
  },
  "pours": {},
  "rule_list": {
    "default_trace_rule": {
      "width": 150
    },
    "default_via_rule": {
      "diameter": 500,
      "hole_size": 250
    },
    "clearance_rules": {
      "default_clearance": 150
    }
  },
  "keepouts": [
    {
      "uid": "cutout_center",
      "name": "CENTER_CUTOUT",
      "layer": "ALL",
      "shape": {
        "type": "polygon",
        "coordinates": [
          [
            20000,
            30000
          ],
          [
            80000,
            30000
          ],
          [
            80000,
            50000
          ],
          [
            20000,
            50000
          ],
          [
            20000,
            30000
          ]
        ]
      },
      "keepout_type": "ALL"
    }
  ],
  "ground_net_name": "GND"
}