{
  "schemaVersion": "1.0.0",
  "metadata": {
    "name": "Omicron_Test_Board",
    "source": "QuilterCodeChallengeECAD",
    "designUnits": "MICRON"
  },
  "boundary": {
    "type": "polygon",
    "coordinates": [
      [
        0,
        0
      ],
      [
        65000,
        0
      ],
      [
        65000,
        48000
      ],
      [
        0,
        48000
      ],
      [
        0,
        0
      ]
    ]
  },
  "stackup": {
    "layers": [
      {
        "name": "TOP",
        "layer_type": "TOP",
        "index": 0,
        "material": {
          "type": "COPPER",
          "thickness": 35.0
        }
      },
      {
        "name": "DIEL",
        "layer_type": "DIELECTRIC",
        "index": 1,
        "material": {
          "type": "FR4",
          "thickness": 1600.0
        }
      },
      {
        "name": "BOTTOM",
        "layer_type": "BOTTOM",
        "index": 2,
        "material": {
          "type": "COPPER",
          "thickness": 35.0
        }
      }
    ],
    "totalThickness": 1670.0
  },
  "nets": [
    {
      "name": "GND",
      "class": "POWER"
    },
    {
      "name": "VCC",
      "class": "POWER"
    }
  ],
  "components": {
    "R1": {
      "name": "R1",
      "reference": "R1",
      "footprint": "RES_0603",
      "outline": {
        "type": "rectangle",
        "width": 1600,
        "height": 800,
        "center": [
          0,
          0
        ]
      },
      "transform": {
        "position": [
          32500,
          24000
        ],
        "rotation": 0,
        "side": "FRONT"
      },
      "pins": {},
      "user_preplaced": true
    }
  },
  "traces": {},
  "vias": {},
  "pours": {},
  "rule_list": {
    "default_trace_rule": {
      "width": 150
    },
    "default_via_rule": {
      "diameter": 500,
      "hole_size": 250
    },
    "clearance_rules": {
      "default_clearance": 150
    }
  },
  "ground_net_name": "GND"
}