{
  "schemaVersion": "1.0.0",
  "metadata": {
    "name": "Tau_Test_Board",
    "source": "QuilterCodeChallengeECAD",
    "designUnits": "MICRON"
  },
  "boundary": {
    "type": "polygon",
    "coordinates": [
      [
        0,
        0
      ],
      [
        88000,
        0
      ],
      [
        88000,
        64000
      ],
      [
        0,
        64000
      ],
      [
        0,
        0
      ]
    ]
  },
  "stackup": {
    "layers": [
      {
        "name": "TOP",
        "layer_type": "TOP",
        "index": 0,
        "material": {
          "type": "COPPER",
          "thickness": 35.0
        }
      },
      {
        "name": "DIEL",
        "layer_type": "DIELECTRIC",
        "index": 1,
        "material": {
          "type": "FR4",
          "thickness": 1600.0
        }
      },
      {
        "name": "BOTTOM",
        "layer_type": "BOTTOM",
        "index": 2,
        "material": {
          "type": "COPPER",
          "thickness": 35.0
        }
      }
    ],
    "totalThickness": 1670.0
  },
  "nets": [
    {
      "name": "GND",
      "class": "POWER"
    },
    {
      "name": "3V3",
      "class": "POWER"
    },
    {
      "name": "RESET",
      "class": "SIGNAL"
    }
  ],
  "components": {
    "SW1": {
      "name": "SW1",
      "reference": "SW1",
      "footprint": "SW_SPST_4P",
      "outline": {
        "type": "rectangle",
        "width": 1500,
        "height": 800,
        "center": [
          0,
          0
        ]
      },
      "transform": {
        "position": [
          44000,
          32000
        ],
        "rotation": 0,
        "side": "FRONT"
      },
      "pins": {
        "1": {
          "name": "1",
          "comp_name": "SW1",
          "net_name": "3V3",
          "shape": {
            "type": "rectangle",
            "width": 300,
            "height": 400
          },
          "position": [
            -500,
            0
          ],
          "rotation": 0,
          "is_throughhole": false
        },
        "2": {
          "name": "2",
          "comp_name": "SW1",
          "net_name": "3V3",
          "shape": {
            "type": "rectangle",
            "width": 300,
            "height": 400
          },
          "position": [
            500,
            0
          ],
          "rotation": 0,
          "is_throughhole": false
        },
        "3": {
          "name": "3",
          "comp_name": "SW1",
          "net_name": "RESET",
          "shape": {
            "type": "circle",
            "diameter": 1200
          },
          "position": [
            -2250,
            -2250
          ],
          "rotation": 0,
          "is_throughhole": true
        },
        "4": {
          "name": "4",
          "comp_name": "SW1",
          "net_name": "RESET",
          "shape": {
            "type": "circle",
            "diameter": 1200
          },
          "position": [
            2250,
            -2250
          ],
          "rotation": 0,
          "is_throughhole": true
        }
      },
      "user_preplaced": true
    }
  },
  "traces": {
    "trace_reset": {
      "uid": "trace_reset",
      "net_name": "RESET",
      "layer_hash": "TOP",
      "path": {
        "type": "LineString",
        "coordinates": [
          [
            46250,
            29750
          ],
          [
            30000,
            29750
          ],
          [
            30000,
            15000
          ],
          [
            60000,
            15000
          ]
        ]
      },
      "width": 200
    }
  },
  "vias": {
    "via_auto_000": {
      "uid": "via_auto_000",
      "net_name": "RESET",
      "center": [
        60000,
        15000
      ],
      "diameter": 500,
      "hole_size": 250,
      "span": {
        "start_layer": "TOP",
        "end_layer": "BOTTOM"
      }
    }
  },
  "pours": {},
  "rule_list": {
    "default_trace_rule": {
      "width": 150
    },
    "default_via_rule": {
      "diameter": 500,
      "hole_size": 250
    },
    "clearance_rules": {
      "default_clearance": 150
    }
  },
  "ground_net_name": "GND"
}