{
  "schemaVersion": "1.0.0",
  "metadata": {
    "name": "Alpha_Test_Board",
    "source": "QuilterCodeChallengeECAD",
    "designUnits": "MICRON",
    "creationDate": "2026-01-09T15:00:00Z"
  },
  "boundary": {
    "type": "polygon",
    "coordinates": [
      [
        0,
        0
      ],
      [
        60000,
        0
      ],
      [
        60000,
        45000
      ],
      [
        0,
        45000
      ],
      [
        0,
        0
      ]
    ]
  },
  "stackup": {
    "layers": [
      {
        "name": "TOP",
        "layer_type": "TOP",
        "index": 0,
        "material": {
          "type": "COPPER",
          "thickness": 35.0
        }
      },
      {
        "name": "CORE",
        "layer_type": "DIELECTRIC",
        "index": 1,
        "material": {
          "type": "FR4",
          "thickness": 1600.0
        }
      },
      {
        "name": "BOTTOM",
        "layer_type": "BOTTOM",
        "index": 2,
        "material": {
          "type": "COPPER",
          "thickness": 35.0
        }
      }
    ],
    "totalThickness": 1670.0
  },
  "nets": [
    {
      "name": "GND",
      "class": "POWER"
    },
    {
      "name": "VCC",
      "class": "POWER"
    },
    {
      "name": "SIG",
      "class": "SIGNAL"
    }
  ],
  "components": {
    "R1": {
      "name": "R1",
      "reference": "R1",
      "footprint": "RES_0603",
      "outline": {
        "type": "rectangle",
        "width": 1600,
        "height": 800,
        "center": [
          0,
          0
        ]
      },
      "transform": {
        "position": [
          20000,
          22500
        ],
        "rotation": 0,
        "side": "FRONT"
      },
      "pins": {
        "1": {
          "name": "1",
          "comp_name": "R1",
          "net_name": "VCC",
          "shape": {
            "type": "rectangle",
            "width": 350,
            "height": 600
          },
          "position": [
            -550,
            0
          ],
          "rotation": 0,
          "is_throughhole": false
        },
        "2": {
          "name": "2",
          "comp_name": "R1",
          "net_name": "SIG",
          "shape": {
            "type": "rectangle",
            "width": 350,
            "height": 600
          },
          "position": [
            550,
            0
          ],
          "rotation": 0,
          "is_throughhole": false
        }
      },
      "user_preplaced": true
    },
    "R2": {
      "name": "R2",
      "reference": "R2",
      "footprint": "RES_0603",
      "outline": {
        "type": "rectangle",
        "width": 1600,
        "height": 800,
        "center": [
          0,
          0
        ]
      },
      "transform": {
        "position": [
          40000,
          22500
        ],
        "rotation": 0,
        "side": "FRONT"
      },
      "pins": {
        "1": {
          "name": "1",
          "comp_name": "R2",
          "net_name": "SIG",
          "shape": {
            "type": "rectangle",
            "width": 350,
            "height": 600
          },
          "position": [
            -550,
            0
          ],
          "rotation": 0,
          "is_throughhole": false
        },
        "2": {
          "name": "2",
          "comp_name": "R2",
          "net_name": "GND",
          "shape": {
            "type": "rectangle",
            "width": 350,
            "height": 600
          },
          "position": [
            550,
            0
          ],
          "rotation": 0,
          "is_throughhole": false
        }
      },
      "user_preplaced": true
    }
  },
  "traces": {},
  "vias": {},
  "pours": {},
  "rule_list": {
    "default_trace_rule": {
      "width": 150
    },
    "default_via_rule": {
      "diameter": 500,
      "hole_size": 250
    },
    "clearance_rules": {
      "default_clearance": 150
    }
  },
  "ground_net_name": "GND"
}